Workbook

Sheet Assessment
B1: Scale | C1: Initiative 1 | E1: Initiative 2 | G1: Initiative 3 | I1: Initiative 4 | K1: Initiative 5 | M1: Initiative "n" | O1: …
C2: Vote | D2: % | E2: Vote | F2: % | G2: Vote | H2: % | I2: Vote | J2: % | K2: Vote | L2: % | M2: Vote | N2: % | O2: Vote | P2: %
A3: Technical feasibility
A4: Technical maturity | B4: 5 | C4: 4 | D4: =C4/$B4 -> 0.8 | F4: =E4/$B4 -> 0 | H4: =G4/$B4 -> 0 | J4: =I4/$B4 -> 0 | L4: =K4/$B4 -> 0 | N4: =M4/$B4 -> 0 | P4: =O4/$B4 -> 0
A5: Data consistency | B5: 5 | C5: 3 | D5: =C5/$B5 -> 0.6 | F5: =E5/$B5 -> 0 | H5: =G5/$B5 -> 0 | J5: =I5/$B5 -> 0 | L5: =K5/$B5 -> 0 | N5: =M5/$B5 -> 0 | P5: =O5/$B5 -> 0
A6: Infrastructure coherence | B6: 5 | C6: 4 | D6: =C6/$B6 -> 0.8 | F6: =E6/$B6 -> 0 | H6: =G6/$B6 -> 0 | J6: =I6/$B6 -> 0 | L6: =K6/$B6 -> 0 | N6: =M6/$B6 -> 0 | P6: =O6/$B6 -> 0
A7: Regulation | B7: 5 | C7: 4 | D7: =C7/$B7 -> 0.8 | F7: =E7/$B7 -> 0 | H7: =G7/$B7 -> 0 | J7: =I7/$B7 -> 0 | L7: =K7/$B7 -> 0 | N7: =M7/$B7 -> 0 | P7: =O7/$B7 -> 0
A8: Competences availability | B8: 5 | C8: 3 | D8: =C8/$B8 -> 0.6 | F8: =E8/$B8 -> 0 | H8: =G8/$B8 -> 0 | J8: =I8/$B8 -> 0 | L8: =K8/$B8 -> 0 | N8: =M8/$B8 -> 0 | P8: =O8/$B8 -> 0
A9: Financial compatibility | B9: 5 | C9: 4 | D9: =C9/$B9 -> 0.8 | F9: =E9/$B9 -> 0 | H9: =G9/$B9 -> 0 | J9: =I9/$B9 -> 0 | L9: =K9/$B9 -> 0 | N9: =M9/$B9 -> 0 | P9: =O9/$B9 -> 0
A10: Ethical implications | B10: 5 | C10: 5 | D10: =C10/$B10 -> 1 | F10: =E10/$B10 -> 0 | H10: =G10/$B10 -> 0 | J10: =I10/$B10 -> 0 | L10: =K10/$B10 -> 0 | N10: =M10/$B10 -> 0 | P10: =O10/$B10 -> 0
A11: TOTAL TECHNICAL FEASIBILITY | B11: =SUM(B4:B10) -> 35 | C11: =SUM(C4,C6,C8,C9)+IF(C5>2,C5,C5*0.5)+IF(C7>2,C7,C7*0.5)+IF(C10>2,C10,C10*0.5) -> 27 | D11: =C11/$B$11 -> 0.77142857 | E11: =SUM(E4,E6,E8,E9)+IF(E5>2,E5,E5*0.5)+IF(E7>2,E7,E7*0.5)+IF(E10>2,E10,E10*0.5) -> 0 | F11: =E11/$B$11 -> 0 | G11: =SUM(G4,G6,G8,G9)+IF(G5>2,G5,G5*0.5)+IF(G7>2,G7,G7*0.5)+IF(G10>2,G10,G10*0.5) -> 0 | H11: =G11/$B$11 -> 0 | I11: =SUM(I4,I6,I8,I9)+IF(I5>2,I5,I5*0.5)+IF(I7>2,I7,I7*0.5)+IF(I10>2,I10,I10*0.5) -> 0 | J11: =I11/$B$11 -> 0 | K11: =SUM(K4,K6,K8,K9)+IF(K5>2,K5,K5*0.5)+IF(K7>2,K7,K7*0.5)+IF(K10>2,K10,K10*0.5) -> 0 | L11: =K11/$B$11 -> 0 | M11: =SUM(M4,M6,M8,M9)+IF(M5>2,M5,M5*0.5)+IF(M7>2,M7,M7*0.5)+IF(M10>2,M10,M10*0.5) -> 0 | N11: =M11/$B$11 -> 0 | O11: =SUM(O4,O6,O8,O9)+IF(O5>2,O5,O5*0.5)+IF(O7>2,O7,O7*0.5)+IF(O10>2,O10,O10*0.5) -> 0 | P11: =O11/$B$11 -> 0
A12: Business impact
A13: Business consistency | B13: 5 | C13: 4 | D13: =C13/$B13 -> 0.8 | F13: =E13/$B13 -> 0 | H13: =G13/$B13 -> 0 | J13: =I13/$B13 -> 0 | L13: =K13/$B13 -> 0 | N13: =M13/$B13 -> 0 | P13: =O13/$B13 -> 0
A14: Economic impact | B14: 5 | C14: 2 | D14: =C14/$B14 -> 0.4 | F14: =E14/$B14 -> 0 | H14: =G14/$B14 -> 0 | J14: =I14/$B14 -> 0 | L14: =K14/$B14 -> 0 | N14: =M14/$B14 -> 0 | P14: =O14/$B14 -> 0
A15: Organizational impact | B15: 5 | C15: 4 | D15: =C15/$B15 -> 0.8 | F15: =E15/$B15 -> 0 | H15: =G15/$B15 -> 0 | J15: =I15/$B15 -> 0 | L15: =K15/$B15 -> 0 | N15: =M15/$B15 -> 0 | P15: =O15/$B15 -> 0
A16: Impact on clients | B16: 5 | C16: 3 | D16: =C16/$B16 -> 0.6 | F16: =E16/$B16 -> 0 | H16: =G16/$B16 -> 0 | J16: =I16/$B16 -> 0 | L16: =K16/$B16 -> 0 | N16: =M16/$B16 -> 0 | P16: =O16/$B16 -> 0
A17: Learning impact | B17: 5 | C17: 4 | D17: =C17/$B17 -> 0.8 | F17: =E17/$B17 -> 0 | H17: =G17/$B17 -> 0 | J17: =I17/$B17 -> 0 | L17: =K17/$B17 -> 0 | N17: =M17/$B17 -> 0 | P17: =O17/$B17 -> 0
A18: TOTAL BUSINESS IMPACT | B18: =SUM(B13:B17) -> 25 | C18: =IF(SUM(C13:C16)>6,SUM(C13:C17),SUM(C13:C16)+C17*0.5) -> 17 | D18: =C18/$B$18 -> 0.68 | E18: =IF(SUM(E13:E16)>6,SUM(E13:E17),SUM(E13:E16)+E17*0.5) -> 0 | F18: =E18/$B$18 -> 0 | G18: =IF(SUM(G13:G16)>6,SUM(G13:G17),SUM(G13:G16)+G17*0.5) -> 0 | H18: =G18/$B$18 -> 0 | I18: =IF(SUM(I13:I16)>6,SUM(I13:I17),SUM(I13:I16)+I17*0.5) -> 0 | J18: =I18/$B$18 -> 0 | K18: =IF(SUM(K13:K16)>6,SUM(K13:K17),SUM(K13:K16)+K17*0.5) -> 0 | L18: =K18/$B$18 -> 0 | M18: =IF(SUM(M13:M16)>6,SUM(M13:M17),SUM(M13:M16)+M17*0.5) -> 0 | N18: =M18/$B$18 -> 0 | O18: =IF(SUM(O13:O16)>6,SUM(O13:O17),SUM(O13:O16)+O17*0.5) -> 0 | P18: =O18/$B$18 -> 0

Sheet AI Matrix Positioning
A1: Initiative | B1: Business Impact | C1: Technical Feasibility
A2: =+Assessment!C1 -> Initiative 1 | B2: =Assessment!C18 -> 17 | C2: =Assessment!C11 -> 27
A3: =+Assessment!E1 -> Initiative 2 | B3: =Assessment!E18 -> 0 | C3: =Assessment!E11 -> 0
A4: =+Assessment!G1 -> Initiative 3 | B4: =Assessment!G18 -> 0 | C4: =Assessment!G11 -> 0
A5: =+Assessment!I1 -> Initiative 4 | B5: =Assessment!I18 -> 0 | C5: =Assessment!I11 -> 0
A6: =+Assessment!K1 -> Initiative 5 | B6: =Assessment!K18 -> 0 | C6: =Assessment!K11 -> 0
A7: Initiative "n" | B7: =Assessment!M18 -> 0 | C7: =Assessment!M11 -> 0
A14: Business Impact Scale | B14: Label
A15: Up to 12 out of 25 | B15: Low
A16: From 12.1 to 19 out of 25 | B16: Mid
A17: From 19.1 out of 25 | B17: High
A19: Technical Feasibility Impact Scale | B19: Label
A20: Up to 19 out of 35 | B20: Low
A21: From 19.1 to 28 out of 35 | B21: Mid
A22: From 28.1 out of 35 | B22: High
